0.44431072	-0.16855964	-0.124953665	-0.6015398	0.5925068	-0.34418628	0.4609977	0.044816513	0.52469736	-0.32019517	-0.54670465	-0.49288505	0.34369913	-0.47966295	-0.3622019	-0.7244133	-0.5057296	-0.5571846	-0.54161507	0.20970728	0.2711265	0.5981478	-0.46605194	-0.091037735	-0.21470544	0.60514617	-0.5250861	0.12824121	0.5766283	0.4497273	-0.3527386	0.6379637	-0.45790133	0.31271908	-0.2321859	0.71278757	-0.44506133	-0.27364016	-0.4531136	0.6067818	0.61330914	0.12367091	0.40001458	0.5189882	-0.20498335	0.61353993	0.4491544	-0.11232096	-0.29309642	0.036875974	0.10111324	0.10198824	0.49632055	-0.5846361	0.3668208	0.5213083	-0.53236485	0.06246342	-0.27532354	0.39146134	-0.48609567	-0.35762402	0.6390773	0.5317515	-0.55740935	-0.47621983	-0.29739866	0.11079706	0.6259409	0.32840675	-0.42565584	0.5559262	-0.32903922	0.4985476	0.036556356	0.43061227	0.6681757	0.56822675	-0.58072966	-0.17052157	0.60637707	0.021110747	-0.48520637	-0.45531046	-0.6775095	0.48753127	0.542441	-0.167716	-0.58725137	-0.5843441	0.6954089	-0.6818534	0.6775313	-0.38216776	-0.3180294	-0.704693	0.38690937	-0.58323526	0.40972906	0.28432682
0.022202305	-0.12096578	-0.21600561	-0.5385893	0.33222052	-0.5157583	-0.11362454	0.56606245	0.19174068	0.5056728	0.3285024	-0.5988369	-0.5871434	-0.5407868	-0.37757114	0.35487655	-0.52921474	0.62763673	0.7179457	0.053453848	-0.2654181	-0.5628013	0.19913162	-0.5383489	0.13216124	0.5122016	0.4909972	-0.5719954	-0.65221906	0.5293031	0.19312888	-0.7595463	-0.10906906	-0.28040895	0.4298042	-0.42416012	0.52797884	0.4460782	0.3978651	0.27487507	-0.3827569	0.09405406	0.63246214	0.41975117	0.49796456	-0.50899804	-0.6206177	0.5012357	-0.53995943	-0.41660312	0.5003608	-0.5254328	-0.40396914	-0.38835597	0.05663632	-0.34477153	-0.042488348	0.3629059	0.5547383	0.5478835	-0.23034349	-0.4518824	0.12883627	-0.67219573	-0.47439513	0.52149874	-0.6019461	-0.45139936	0.46071216	-0.5488321	0.2691474	0.35842338	-0.26420203	0.69133675	0.3323301	-0.587925	0.013545398	0.097426884	-0.46994317	0.5760007	0.56447107	0.07996812	0.6422282	0.4141877	-0.08486913	0.5680543	-0.7061289	-0.28565505	0.2953262	-0.06319996	-0.23949112	0.35035002	-0.037248906	0.42064312	-0.46011513	0.6518288	-0.3714306	0.25874245	-0.47637513	0.050099388
-0.60562944	0.06917663	-0.31585777	-0.31411636	0.17754102	-0.13490416	0.07900289	-0.30303746	0.4208891	0.39211342	0.42671317	-0.39885318	-0.78209275	-0.5311626	-0.637235	0.50667655	0.7883564	0.023251157	0.8281885	0.47486392	-0.56508595	-0.2898985	0.13460152	-0.58887374	-0.049903184	0.6212066	0.6690521	-0.81730175	-0.24039277	0.48761424	0.4675658	-0.4419033	0.12910114	0.674696	0.6457057	-0.6083212	0.65437514	0.4893767	0.32286736	0.67498	-0.62360823	0.4557476	0.72510386	-0.2568011	0.6838344	-0.28658012	-0.50593466	0.066146374	-0.7208786	-0.41480353	0.5352004	-0.5291185	-0.17045747	0.5066301	0.12602554	-0.5189548	0.64136887	0.5922226	0.7159018	-0.2233376	-0.63648504	-0.64318836	0.135068	-0.72634196	-0.72371656	0.43149558	-0.49596143	-0.621389	0.42513266	-0.022217426	0.68492633	0.33650374	-0.37620956	0.81647193	0.54831696	-0.631888	0.023734864	0.5582227	-0.60999787	0.38423428	0.0024595608	0.10564706	0.16203842	0.22891605	0.28432494	0.4112472	-0.6499789	-0.79108274	0.623385	-0.69087887	-0.5376619	0.46736136	-0.24386573	0.48021057	0.65711904	0.77781045	-0.8131721	0.64427567	-0.15130755	0.5938499
0.2534279	-0.6312885	-0.16479072	-0.43224397	-0.5793945	0.18423936	-0.15579051	0.51137286	-0.08321471	0.34020048	0.44460753	-0.61180353	-0.5163818	-0.56684715	-0.5200312	0.31832713	-0.44699088	0.51116496	0.33948538	0.59544235	-0.54917616	-0.54137695	0.0998761	-0.5231796	-0.53832334	0.057079624	-0.18913381	-0.48174855	-0.24645704	0.5744154	0.5596579	-0.57876796	-0.5912493	0.567902	0.36012974	-0.14852662	0.64998525	0.0993923	0.3581396	0.09167164	-0.44711074	0.39098263	0.48166427	-0.5790149	0.43302172	0.4983891	-0.5598075	0.3706025	-0.5307677	-0.18667218	0.32829472	-0.6154192	-0.60074073	-0.24215639	0.56002194	0.08661109	0.4051995	0.40473208	0.67990106	0.6086108	0.2758219	-0.41363147	-0.38905984	-0.43915737	0.53216934	0.55818707	-0.021926712	-0.3977695	0.60412043	-0.53299445	0.5743336	-0.060729302	0.04663708	0.4269585	0.32221168	-0.43835682	-0.16035834	0.564951	-0.5350994	0.5989635	-0.27283424	0.4699985	0.5863271	0.6222123	-0.3337424	0.4089661	-0.5786609	-0.4189678	0.44210598	-0.09622864	-0.6003781	0.5963666	-0.48600835	0.3757319	0.4609433	0.5062725	-0.6654381	0.5761272	-0.42608806	0.5753023
0.6133551	-0.5657086	-0.6167538	-0.21892753	-0.38317615	-0.15151936	0.537937	0.21305287	-0.3578627	0.20122266	0.6883968	-0.46940127	-0.2725481	-0.5018917	-0.4339335	0.2279941	0.37625235	0.52248347	0.6362002	0.5211847	-0.48340905	-0.664667	-0.4765659	-0.56932604	0.39624605	0.554196	0.12852432	-0.62609094	-0.52364475	0.52170795	0.37386093	0.06818679	-0.49516958	0.6372802	0.57010895	-0.4702718	0.44509742	0.49778384	0.48804328	0.3888146	-0.29612204	0.5983916	0.24260934	-0.32972464	0.49823922	-0.41922697	-0.45599505	-0.06427595	-0.5729983	-0.4604934	-0.34300828	-0.6861205	0.11037673	0.5093532	0.26883584	0.014278786	0.36602277	-0.38207147	0.5882367	-0.5519942	-0.6314239	-0.6365457	-0.06338359	-0.34314838	-0.5889098	0.14940628	-0.14249714	-0.65287584	0.68313974	-0.6635591	-0.0066240584	-0.12327127	-0.4835319	-0.08446989	-0.15057512	-0.7205575	-0.40917298	-0.009011148	-0.17814867	0.5802774	0.5513483	0.5199358	0.630218	0.5492399	0.2993886	-0.25661674	-0.51709086	0.23120864	0.41312197	0.54406786	-0.6177519	0.51760775	-0.53553563	0.573021	0.5299594	-0.06186084	-0.34732193	0.28490064	-0.19713028	0.6384679
-0.037943475	0.48772272	-0.62707734	-0.5140043	0.66530293	-0.31479186	0.22848228	0.6529023	0.5419521	-0.16552483	-0.2113963	-0.26524183	0.2948965	0.5742937	-0.47514585	0.40108207	-0.484641	-0.46265808	-0.6128819	0.5157375	0.54193723	0.5183843	-0.3670541	-0.6340252	0.7280675	0.63756496	-0.46391308	0.6181331	0.6906672	0.62558347	-0.64081174	0.53841114	-0.65254503	0.22602467	0.66538066	0.6116101	-0.637699	-0.58930975	-0.6415539	0.5599587	0.53738016	0.56317	-0.51902276	0.50743616	0.54747134	0.64828086	0.6825031	0.46135038	-0.40016526	0.7565275	0.62099886	0.34607303	0.5776158	-0.42583486	0.5461771	0.68492913	-0.5594653	0.40074524	-0.18991622	0.6434325	-0.49532524	-0.5019049	0.5428087	-0.1828368	-0.6093291	-0.27159032	-0.4722824	-0.27609983	0.50803876	0.6650967	-0.59541583	-0.2745476	-0.5961629	0.7144411	0.11781359	0.5672821	0.36136943	0.436825	-0.68328255	0.6250259	0.7585946	0.52703774	0.3637252	-0.7515081	-0.014475703	0.5133851	0.3182249	-0.62451756	-0.7143859	-0.6435179	0.4841209	-0.6657912	0.5076497	-0.45373622	0.53981155	0.49925354	0.23461191	-0.5109639	-0.42323756	0.47173116
-0.5821604	0.5166668	-0.54518175	-0.26535836	0.55582416	-0.34387222	0.537442	0.41669106	0.54228663	-0.61129653	0.3582454	-0.650032	0.43288115	0.096769825	0.061106723	-0.68527406	-0.5856182	0.28734666	0.37058723	0.502978	0.2719999	0.510175	-0.5457156	-0.6016811	0.64483076	0.74988395	0.09444531	0.17435454	0.6328094	0.58798975	-0.54732066	0.71392655	-0.38820776	0.64704543	0.5273816	0.4642089	0.5856917	-0.21375461	-0.52279645	0.5810274	0.6410309	0.42554256	0.701467	0.77211916	0.7451125	0.60990053	0.5955287	0.62192416	0.27092463	0.5640313	0.724137	0.5268778	0.5833784	-0.6285075	0.55137986	0.44623506	-0.41536853	0.66211325	0.16598824	0.7272259	-0.5512458	-0.3488071	0.6854767	0.68249744	-0.5347358	-0.68969893	-0.7461631	-0.34438074	0.5814666	0.71670765	-0.629027	-0.58082646	-0.578443	0.5802593	0.373532	-0.3067289	0.73752403	0.50040925	-0.7564328	0.7216895	0.10896695	0.1547415	0.66421044	0.049043484	-0.65524036	0.5121677	0.4165461	-0.6333606	-0.33713284	-0.74112415	0.6359406	-0.6469416	0.4138837	-0.5023939	0.6399082	0.074764214	0.3095142	-0.65011877	-0.5178046	0.4840681
0.45868	0.21081343	-0.20379098	-0.22820303	0.3554552	-0.18874201	0.5251995	0.26786777	0.63310295	-0.56026554	-0.55925614	-0.35723498	0.31705323	-0.15592512	-0.30609137	-0.57195586	-0.39190114	0.21443444	-0.29575703	0.42097735	0.33273086	0.3688603	-0.6337749	-0.26191774	0.6518241	0.32803598	-0.5836834	0.3366782	0.13384824	0.17627369	-0.5503069	0.25812295	-0.52362317	0.23758347	0.16924523	0.4150622	0.0630374	-0.37200445	-0.48701805	0.57875204	0.38523746	0.37436664	0.15668295	0.16638193	0.47501847	0.47124797	0.47531953	0.49543932	-0.494371	0.475361	0.40382156	0.54163045	0.06163949	-0.49967173	0.48680112	0.23874295	-0.53347933	0.3707834	-0.0905012	0.3473178	-0.070545755	-0.35569853	0.6349515	0.46835864	-0.38687035	-0.29123557	-0.5226731	-0.38028005	0.20715638	0.32807073	-0.19698247	-0.34911937	-0.092065744	0.41451156	-0.5650061	0.41438568	0.64813465	0.5703473	-0.31533912	0.48013452	0.1821015	0.4660633	-0.66628593	0.5065949	-0.47928774	0.51730263	0.23430401	-0.4676615	-0.2756331	-0.26867333	0.38173538	-0.47525725	0.57239103	-0.5035249	0.18837887	-0.65649354	0.566797	-0.44885337	-0.5531053	0.35021746
-0.5123382	-0.30328447	0.13348223	0.5130894	-0.28279576	0.17321481	-0.40997717	0.426611	-0.34226525	-0.46295583	-0.33846244	0.58252054	-0.5638984	0.519352	0.3790975	-0.02261982	0.37377128	0.6745593	-0.7441668	-0.18743503	0.5045155	-0.19588788	0.317709	0.5006389	0.4327006	-0.39682418	0.32542047	0.63593245	0.7084982	-0.71453637	-0.39648595	-0.28753623	-0.38605306	-0.5614129	-0.57439953	0.66442627	-0.28616795	-0.46399266	-0.5420311	-0.45749944	0.54507804	-0.6101327	-0.5375	-0.20175238	-0.38785252	0.36188993	0.39202783	-0.4307168	-0.16757444	0.6065693	-0.13337605	0.5138749	-0.5478996	-0.42134312	0.6384945	0.6923256	-0.4387589	-0.23838945	-0.54249585	-0.59860176	0.63656926	0.32433137	0.6483286	0.40751708	0.5009949	0.47142422	0.57935154	0.42122927	-0.16026697	-0.5846122	-0.60129136	-0.31701252	0.29152843	-0.6311178	0.23963584	-0.053036347	-0.4092848	-0.7149094	0.5127301	-0.7133471	0.57047415	0.4900205	0.72916895	0.5414875	-0.629027	-0.6633388	0.40643477	0.67062557	0.30042717	0.5098497	-0.14530048	-0.5508286	0.5897941	-0.572784	-0.49405298	-0.6775924	0.40674746	-0.49036777	0.540696	-0.5450958
0.27812213	-0.50796217	0.08937351	0.35431832	-0.46054864	0.09647313	0.13633712	-0.041879624	-0.62752587	0.547266	0.23261164	0.4077268	-0.61827135	-0.3575807	0.5376493	-0.16581292	-0.24483238	0.29320127	0.4410676	-0.32995188	-0.64309406	-0.43911952	0.60030407	-0.51892096	-0.12935022	0.14477421	0.6885496	-0.47144142	-0.3694622	0.32518062	0.23345703	-0.3859011	-0.1758395	-0.107656315	0.43406674	-0.113605544	0.16957068	0.29432207	0.46592528	0.38192895	-0.13140751	-0.11661843	0.51754266	0.08455205	0.40912625	-0.14219572	0.055437837	-0.19290788	-0.34999368	-0.29188168	0.50286937	-0.3943668	-0.514813	0.50520086	0.47394478	-0.7533555	0.12245249	-0.30600557	0.68499583	-0.55925906	0.56434	-0.056651805	-0.2887509	-0.38905933	-0.1561179	0.727386	-0.1620654	0.01271185	-0.10131079	-0.32556298	0.4126439	0.6506068	0.28142756	0.60421264	0.3871476	-0.5874844	-0.40046284	0.5301846	-0.38422093	0.63436145	0.49524906	0.4175484	0.5207076	0.59318775	0.5412298	0.044924725	-0.37106273	0.1535798	0.2258261	-0.50153327	-0.22802345	0.24830829	0.2415302	0.39740935	0.22959423	0.69604594	-0.6207692	0.023799513	0.04815074	-0.2647524
0.090589836	0.377938	0.75452906	0.06407134	-0.5098305	0.5824412	-0.46804434	-0.7446549	0.044759706	0.5159378	0.6727825	0.39692003	-0.34124538	-0.008366727	0.22870743	0.6720228	0.6542844	0.038004626	-0.1695984	-0.2572304	-0.54721856	-0.061069053	0.5259729	0.556125	0.47013104	0.5895425	0.00405967	-0.51047826	-0.20623057	-0.4282815	-0.2829268	0.3012297	0.7274748	0.44120488	0.27540547	0.054945905	0.25812206	0.26676372	-0.12711048	-0.48746645	-0.55746	0.3076424	0.2467782	0.30723953	0.5298446	-0.35275868	-0.3271924	-0.6905769	0.631122	0.062614486	-0.6169477	-0.56318396	-0.45302135	0.53645355	-0.528382	-0.76934284	0.4594058	-0.7693535	0.5241908	-0.35762727	-0.20647226	-0.38681778	-0.6483862	-0.2950711	-0.04203397	0.07479826	-0.54357284	0.05215567	-0.14814757	0.10516547	0.40074846	-0.06723128	0.24696325	0.16309628	-0.36343032	-0.39869663	-0.34598094	0.3059298	0.34578234	-0.35815176	0.55746084	-0.7004916	0.052674454	-0.52057904	0.10007874	0.104279324	-0.39461458	-0.4541777	0.42534557	0.604748	-0.5295387	0.46382606	-0.78093505	0.6394016	-0.2783286	0.53912807	0.19644235	0.44805115	-0.3960156	-0.1899696
0.3497702	0.26359212	-0.39641368	-0.51615477	0.6279137	-0.58466	0.4326055	0.42254752	0.5094849	-0.2784977	-0.5730676	-0.53656006	0.61128926	-0.021510098	-0.5511248	-0.5622895	-0.22185798	0.40718246	-0.4827587	0.6913243	0.5182629	0.3650899	-0.27108598	-0.30892748	0.11161156	0.4413452	-0.46397412	0.7025082	-0.20561615	0.6415658	-0.6766141	0.33784005	-0.11993084	0.52042985	0.2156393	0.58846784	0.3442585	-0.61611384	-0.60087967	0.67666215	0.45643803	0.29044256	-0.48678553	-0.468654	0.67414045	0.29644486	0.6382374	0.49842536	0.6729658	0.6185707	0.30893177	0.60613185	0.46481797	-0.6250541	0.40166664	0.43320248	-0.54502	0.10234439	-0.41378593	0.18573608	-0.535275	-0.40054226	0.34493664	0.7301732	-0.43306014	-0.31428155	-0.4728611	-0.2581779	0.6846177	0.5220956	-0.5292793	-0.17891923	-0.6008292	0.6070833	-0.6362959	0.65199536	0.48033145	0.75906605	-0.62136453	0.20696533	0.57355386	0.54482126	-0.7648497	-0.48842877	-0.67236155	0.60500705	0.27891165	-0.3167294	-0.6881758	-0.22657034	0.59956765	-0.4196382	0.4748156	-0.6572206	0.4387218	-0.502229	0.7608554	-0.6415977	0.14719632	0.27742895
0.072563305	0.45775512	-0.5915768	-0.087350234	0.30072126	-0.4504613	-0.007010591	0.34213075	0.49462065	-0.55376416	-0.4152012	-0.44531602	0.4664201	-0.3893584	-0.52684265	-0.64697313	-0.51063395	-0.4628056	-0.43820944	0.10373548	0.34464386	-0.016464733	-0.61848176	-0.549029	0.63648164	0.38320524	-0.5198188	0.4020682	-0.47355098	0.4408657	-0.636448	0.46055445	-0.6699599	0.632573	0.61371577	0.63450086	-0.6588602	-0.59563094	-0.6548273	0.67633885	0.56501085	0.68058264	0.14211044	0.4024415	0.58301985	0.30303875	0.5705579	0.43103626	-0.44596925	-0.4476859	0.60944265	0.50307673	0.4968383	-0.60113406	0.49748763	0.6064145	-0.33896217	0.24080962	0.02734549	-0.15702158	0.22339554	-0.2184543	0.6137511	0.101225875	-0.30101573	-0.6352265	-0.29559377	-0.62300414	0.54611737	0.057613023	-0.39581764	0.30314147	-0.6516537	0.580656	-0.4901933	0.16278826	0.5679411	0.28058133	-0.61972183	0.5093915	0.6096543	0.71857023	-0.633063	0.21500355	-0.70680565	0.38289437	0.535767	-0.4575866	-0.5881303	-0.65446115	0.29703072	-0.21040517	0.70885146	-0.039302893	-0.13282166	-0.47484782	-0.32041997	-0.4623376	-0.63777316	0.23055
-0.21512029	0.38765725	-0.4632156	-0.3147522	0.45316508	-0.5891701	0.4976226	0.34788063	0.64644265	-0.643497	-0.5714508	-0.57462573	0.6551145	-0.26877847	-0.48703986	-0.6858506	-0.52354693	0.256237	-0.43698072	0.63097113	0.3596034	0.44299766	-0.30649203	-0.2984835	0.7002761	-0.482178	-0.6626552	0.6755907	-0.22456025	0.7188245	-0.31093568	0.5665704	-0.562577	0.40496498	0.52330595	0.5581679	0.59283006	-0.71402496	-0.59142727	0.5688097	0.5451167	0.5928782	-0.6849379	-0.55924773	0.65004987	0.62678653	0.70577735	0.5664089	-0.6208185	0.5511388	0.39680856	0.61785007	0.42726642	0.012135834	0.3417048	0.648558	-0.6869994	0.6978638	-0.370546	0.63205886	-0.379248	-0.6112243	0.726386	0.4084302	-0.080844305	-0.308146	-0.7127729	-0.48240042	0.4409818	0.7218353	-0.36395556	-0.71102536	-0.10058501	0.5483297	-0.5760595	0.6120321	0.7133981	0.40144446	-0.64888513	0.5326457	-0.48501584	0.6750418	-0.7405832	0.6274559	-0.5117326	0.62547934	0.6250782	-0.5976999	-0.5900548	-0.3202277	0.73729557	-0.60122955	0.57224536	-0.7197911	0.36910167	-0.70042336	0.6174092	-0.6202838	0.44018582	0.0061258925
0.47278133	-0.70103896	-0.40210333	-0.16905484	-0.7027526	-0.3262187	-0.5808881	0.39002144	-0.45082787	0.71668607	0.5558755	-0.27641252	-0.6854457	-0.5380943	-0.20097926	0.3699277	0.6429688	0.3919341	0.58715695	0.11120039	-0.33426532	-0.40119207	-0.24514152	-0.104677044	-0.44177234	-0.10793199	0.45524582	-0.42989865	-0.42486516	-0.3856211	0.5799994	-0.6705785	0.18134937	-0.3183654	0.22748338	-0.48647538	0.61473936	0.47420192	0.077404946	-0.122894354	-0.7088558	0.30536312	0.50862104	0.5189955	0.114112705	-0.38990602	-0.46607324	-0.27093035	-0.6198122	-0.43592933	0.21666647	-0.38007045	-0.648394	0.65524375	0.36181322	-0.43875626	0.58735985	-0.4609981	0.4866145	-0.27573076	0.06574498	-0.47529492	0.036007315	-0.6853207	0.31702614	0.36678675	-0.42109847	-0.017141277	0.19531357	-0.50072426	0.52555996	0.16838211	-0.18496375	0.061056394	0.12002839	-0.6726515	-0.10562025	-0.50152385	0.29683614	-0.5010725	-0.0068281456	-0.35161376	0.6601812	0.63096285	-0.23653737	0.40628803	-0.42376235	0.5472976	0.5732185	0.18460442	-0.6328349	0.5993078	0.27809525	0.16078651	-0.5526131	0.7398913	-0.40072456	0.42775032	-0.45947087	-0.4521693
0.47746763	0.5795539	-0.13581403	-0.5920745	0.62357503	-0.5570589	0.57566774	0.5596544	0.529257	-0.4371778	-0.7714237	-0.7128057	0.4245366	0.14042091	-0.6530963	0.38700515	-0.5238034	0.32001722	-0.4738436	0.54392093	0.7045778	0.39434543	-0.18822768	-0.39049006	-0.5966578	0.5464795	-0.52490807	0.67326987	-0.31890666	0.27365568	-0.70508254	0.35942337	-0.58253807	0.17911674	-0.17213587	0.73970497	0.33067772	-0.70335484	-0.7848156	0.7038142	0.7358246	0.7522492	-0.44144955	0.717419	0.20885013	0.5733528	0.72372663	-0.4034893	0.66151494	0.65723306	0.49319765	0.627492	0.526814	-0.6028197	0.23905347	0.52959573	-0.60593295	0.34783834	-0.40314448	0.59719056	-0.076040715	-0.49174318	0.36926165	0.30379057	-0.26263288	-0.3729052	-0.4649468	-0.44806716	0.6459424	0.35505113	-0.6511	-0.5695535	0.20773724	0.7015848	-0.070780896	0.42510045	0.7404521	0.57691765	-0.57966226	-0.29552364	0.6589453	0.63964045	-0.47624233	-0.4227471	0.2470055	0.5846477	0.30588165	0.18542083	-0.5624434	-0.6537881	0.49031037	-0.67763394	0.6026065	-0.61981094	0.37201175	-0.7603809	0.7824717	-0.47823605	0.0021908516	0.1835616
-0.6764489	-0.4029434	0.38013357	0.6165501	-0.10338951	0.74974626	-0.2623417	-0.54443413	-0.56898373	-0.48266324	-0.60199445	0.22182499	-0.5230884	0.37796813	-0.57812274	-0.6542315	0.4162301	0.4398582	0.4741485	-0.4464007	-0.632593	-0.13394186	0.31436673	0.44412848	-0.43970218	-0.49735868	0.26023808	0.06779128	-0.6104877	-0.6480375	0.38318956	-0.5635528	0.6752017	-0.49323112	-0.7497959	-0.44123566	0.7666406	0.36142325	0.50944895	-0.53439844	-0.23773615	-0.3010449	0.66320366	-0.62124145	-0.5601718	-0.23585905	-0.4562078	-0.73198164	0.5010387	0.5009132	-0.4793344	0.15381509	0.31797168	0.35771567	-0.7002381	0.27473384	0.4470228	0.509894	0.41223237	-0.108415395	0.6775431	0.6805093	-0.47515962	-0.5196814	0.5596189	-0.43868664	0.36916208	0.61038506	-0.17767933	0.50323784	-0.032529127	0.03994986	0.3946432	-0.58456284	0.35938767	-0.65415645	-0.74615806	-0.73649967	0.6446075	-0.6503059	-0.498966	-0.71171117	-0.2400629	0.51661223	0.61097634	-0.21978842	-0.56488174	0.5902268	-0.038733836	0.36391577	0.55141115	-0.49989676	-0.64604986	0.55312777	-0.5383076	-0.18633665	0.3049387	-0.1584228	0.5108257	-0.5960352
0.21872774	-0.31314316	0.6871824	0.48823658	-0.08097409	0.6488419	-0.9499782	-0.3309568	0.3099847	0.3418204	0.051646184	0.26150668	0.054356452	-0.49382344	0.28907144	0.13139826	0.2819169	0.13083643	0.26325378	0.15385927	-0.15979108	-0.42441964	-0.64298934	0.17718905	-0.20694277	-0.29906657	0.028435005	-0.13406838	-0.34859946	-0.4828878	-0.49931765	-0.6782123	0.71495533	-0.58568954	-0.55620867	0.74835306	0.21546423	0.52028906	-0.37658632	-0.6676381	-0.586049	-0.4106093	-0.33159736	0.43821535	-0.43517697	-0.22724959	-0.58134574	-0.407353	0.09044248	-0.4561475	-0.63946986	-0.3541723	-0.3695402	-0.43871763	-0.68309224	-0.39303544	0.4454224	-0.7191897	0.40504745	-0.4646089	0.53140855	0.4561925	0.27416497	-0.18248884	0.44751984	0.22904837	-0.16842161	0.2252059	-0.7073053	-0.68953997	0.019583242	-0.4960762	0.24741414	-0.13996321	0.38587987	-0.5585427	-0.14763834	-0.40220082	0.7338159	-0.6048175	0.21686074	-0.5219929	0.4644709	0.73456115	-0.49246478	-0.04321845	-0.11018146	0.34383598	-0.08336802	0.5707878	-0.5661655	0.4809909	0.21715377	-0.09868865	-0.32694864	-0.25489515	0.27860522	0.21391658	0.4417767	-0.3483813
-0.61875814	-0.18255192	0.35194263	0.6034808	-0.40261966	0.54333174	0.24174847	-0.16183327	0.1059148	0.029469913	0.08268035	0.47973728	0.38240016	0.020347977	-0.24495184	-0.4738286	0.61661696	-0.09360848	0.48864022	-0.36436814	-0.48661408	0.517247	0.6132352	0.05562172	-0.529135	-0.63809985	-0.03593152	0.1527751	-0.11901755	-0.30784386	0.4711394	0.06039374	0.70609903	-0.5759919	-0.6190567	-0.3509208	0.7174482	0.5548624	0.3059855	0.596639	0.21525544	0.009251501	0.7070878	-0.4420261	-0.5846223	-0.32656306	-0.06552462	-0.636954	-0.40842608	-0.33231443	-0.22692469	0.051421877	-0.009368378	0.21236841	-0.20028608	0.0989964	0.09244299	-0.06486914	-0.015839983	0.3258778	0.46077207	0.31863835	-0.5088461	-0.24032348	0.27400815	-0.3452063	0.70874494	0.55396694	-0.3763825	0.3270155	0.28041813	0.45069534	0.4701869	-0.4427762	0.5563566	-0.089970626	-0.44545162	-0.40382314	0.099433705	-0.1915793	-0.42044583	-0.57754296	0.49132162	-0.124521494	0.56394726	-0.68861544	-0.18397604	0.70846605	0.08881982	0.6121242	-0.07510698	-0.41728687	0.04210519	-0.30548778	-0.438275	0.3058028	-0.20152053	0.41705963	0.43715346	-0.61269784
-0.7912367	-0.775685	-0.6010923	0.3358357	-0.30539167	-0.20446736	-0.16358867	-0.22520657	0.09934808	0.68761945	0.63163286	-0.6290142	-0.7161551	-0.44228137	0.20929246	0.6384125	0.80319726	0.84783	0.6413295	-0.017768364	-0.8370718	0.044682875	0.019727053	0.3569111	0.06512278	-0.1677739	0.7714273	-0.8864819	-0.58160084	-0.055673763	0.3706628	-0.89494383	0.15859249	-0.6974799	-0.30339536	-0.6690966	0.64861923	0.63290304	0.8373273	0.77149683	-0.6894092	0.58663714	0.5111058	-0.8873617	0.33680487	-0.21037969	-0.8303894	-0.5509937	-0.90413135	-0.8853991	0.56887215	-0.7125468	-0.73572254	0.6291458	-0.4177163	-0.64457005	0.5294481	-0.49698445	0.59609854	0.0060758973	0.45971268	0.36525288	0.38768712	-0.8552474	-0.5400261	0.8610586	-0.3435335	0.74365884	0.5125468	0.01036184	0.79790455	0.21506585	0.841133	-0.41830334	0.8127546	-0.72105736	-0.53807175	-0.6919763	-0.4884048	0.65541905	-0.5586615	-0.51256204	0.80693144	0.20464191	0.40501598	-0.68910503	-0.5705441	0.6247507	0.7252028	0.4574182	-0.38939238	0.6638235	0.11332426	-0.21414474	-0.71257824	0.7758137	-0.92676884	0.7173764	0.7434366	-0.0935018
0.4358766	-0.15405495	-0.9790283	-0.2539967	-0.048049655	0.82928574	0.4448683	0.20828445	0.016156366	-0.78663844	0.14000636	-0.44817308	0.7896013	-0.37375614	-0.2921734	-0.4802873	-0.90781045	0.44258374	0.83073765	0.039503984	-0.89656717	0.3840233	-0.66463387	-0.8913875	-0.90978235	0.6560615	0.7278955	-0.59790546	-0.5861161	0.8658362	0.9458579	-0.8852251	-0.60137975	0.6417692	0.066935346	-0.49373925	0.81373084	0.6417336	0.7594373	0.97983927	0.07342458	0.6361306	0.9581086	-0.52929074	0.6989355	-0.22713822	-0.78097534	-0.62411505	-0.6235103	-0.8820504	0.88432074	-0.91204035	0.13723986	-0.24529815	0.836496	-0.5197238	-0.39809757	0.98796904	0.45869717	0.73263884	0.20980617	-0.55129683	0.61720234	-0.64793825	0.39642745	0.2573652	-0.14089371	0.7988279	0.86819583	0.853308	0.25031376	0.39228976	0.31705847	0.1411388	0.7371994	-0.880728	-0.5027307	0.0852727	-0.72184145	0.56599927	-0.78584176	-0.16663906	0.64005214	-0.12880059	0.7213716	0.5033082	-0.59525245	-0.08163114	-0.49635604	-0.8378655	0.6006859	0.04179191	-0.48792675	0.29325792	0.19150487	0.3343494	-0.9183709	-0.025964655	0.7702899	0.64821154
0.37321976	0.54485476	0.2717874	0.1331617	-0.38235313	-0.47206205	-0.6782808	-0.3662023	0.47488272	0.12489444	0.40792432	0.565576	-0.461171	-0.5038068	-0.32704294	0.60432315	0.6822003	-0.54675746	-0.1523172	0.57777804	-0.17229266	-0.60147804	-0.5885739	0.5739728	0.413627	0.38121656	-0.3451397	0.5917059	0.5483932	-0.64478886	-0.73873794	0.58299905	0.411642	0.39364812	-0.398122	0.27847534	-0.5068289	0.21414873	-0.5429513	-0.19247186	-0.25269872	0.4601751	-0.37294307	0.19315498	0.42132068	-0.084766395	-0.4336288	-0.4094038	-0.13864343	-0.10415006	-0.48915613	-0.12286739	-0.13653344	0.4476881	-0.32002166	-0.5136899	-0.023316065	-0.51576614	0.29144797	-0.6080188	-0.37723505	0.03308299	-0.5523602	0.691622	-0.23541881	-0.39628848	-0.4839051	-0.5464287	0.63096404	-0.7045174	0.48503652	-0.3200845	-0.53424996	0.50398326	0.23905367	-0.38956583	0.77856684	0.5541857	0.5776531	-0.07010867	0.668199	-0.5290603	-0.66047263	0.465265	-0.5728492	-0.0071582487	0.53397846	-0.39749247	-0.19063185	0.034709275	-0.4667673	0.33100045	-0.15925077	0.14922124	-0.65968573	0.51349014	0.18254845	0.049963657	0.03635265	0.6288424
0.42513186	0.47955352	-0.41689688	-0.632887	0.62980837	-0.63956994	0.38904926	0.64363205	0.73052335	-0.53527355	-0.74396193	-0.5974945	0.41389298	0.5516992	0.028024549	-0.7243814	-0.6289355	-0.47400624	-0.39583373	-0.12020639	0.6901546	0.31604183	-0.28501853	-0.55971026	-0.54633766	0.589824	-0.6997687	0.70365536	0.66490185	0.6433712	-0.5635814	0.44337457	-0.5813645	0.67896515	0.54336745	0.7190458	-0.58565915	-0.49206376	-0.7141693	0.6488925	0.3065281	0.76051545	-0.3048223	-0.40449497	0.6843916	0.35656172	0.6429799	0.5301513	-0.66229224	0.592178	0.67243326	0.5779483	0.7148278	-0.52450246	0.69292206	0.54281753	-0.62197894	0.6856829	-0.4416242	0.6836158	-0.57638913	-0.42539978	0.7094183	0.4669324	-0.44515067	-0.44242936	-0.6319712	-0.6946959	0.5819238	0.64465463	-0.5866358	-0.51838386	-0.25749362	0.58696616	0.5950244	0.6390882	0.62520105	0.5806575	-0.58291584	0.5106374	-0.41026086	0.66499716	0.6405473	-0.012082275	-0.6875706	0.12552567	0.6881365	-0.49407178	-0.63907677	-0.57958657	0.61937195	-0.7248963	0.69300795	-0.31077498	0.16556852	0.037177514	-0.12051912	-0.6345862	-0.68938583	0.2844022
-0.5205365	0.54709196	0.7014217	-0.42206553	-0.49411535	0.79230815	-0.35688168	-0.6789553	0.65125406	0.1998539	0.5309801	0.61711437	-0.5662622	0.14435816	-0.72841936	0.4822791	0.8989007	-0.62871075	-0.5370302	0.7999405	-0.4993221	0.121232025	-0.57832617	-0.6109387	-0.55935884	0.25996763	-0.6630334	0.43794468	0.7038871	-0.6897304	0.06366586	0.29958943	0.6508196	0.42721322	0.2704939	0.06716881	-0.075863294	-0.48012874	-0.41271052	0.50650704	-0.62248516	0.7609738	0.12293559	0.42344663	0.53218126	-0.79230833	-0.4455833	-0.79506415	-0.1683381	-0.11512629	0.26322708	0.45133036	-0.0555522	0.7027652	-0.6932948	-0.6942595	0.79499274	0.1068852	-9.295716e-05	0.62520736	-0.7220373	-0.3235789	-0.5727189	0.020596562	-0.7424768	-0.5082659	-0.41030854	-0.10965726	0.50754744	0.7170169	0.50174516	0.55182654	0.44044018	0.67201453	-0.22326347	-0.8647301	0.7580016	0.33686897	0.13632715	-0.062962204	-0.15233795	-0.4104596	-0.65735304	-0.5384594	-0.3851641	0.703399	-0.072969906	-0.8313885	0.5136331	-0.016269853	0.7454452	0.19145344	-0.49922252	0.24895765	0.5889259	0.7243962	0.35094178	0.8004307	-0.40338027	0.77196455
-0.38029066	-0.6222875	-0.2700293	0.20004721	0.6362574	-0.10964251	-0.61481017	0.17029287	-0.031316612	0.5373359	-0.12664582	0.47627157	-0.5478541	0.55977046	0.6455262	0.3934795	-0.6638578	0.5664745	0.13129658	0.24134819	0.5907769	-0.15575449	0.013950902	0.46551442	0.19140747	0.29549465	0.3443267	0.43042	-0.06826114	-0.19000347	-0.28748006	-0.24235374	-0.5831825	-0.4193047	0.041205723	0.71606225	-0.6477395	0.19823515	-0.2703612	-0.5244439	0.59143436	0.1281417	-0.57578266	-0.004461794	-0.55419344	0.51896286	0.41298726	0.6699372	-0.080007896	0.5639909	-0.5178911	-0.122520514	0.361669	-0.54711366	0.09073404	0.29357952	-0.73244923	-0.5055342	-0.52939373	-0.61565214	0.2984795	0.51062036	0.38830075	-0.19366318	0.023435153	0.57606786	0.610789	0.32558525	-0.20684212	-0.42917368	-0.6908416	-0.48430073	0.08068618	-0.31392595	0.16745542	0.6681059	-0.57809776	-0.5487721	-0.05377431	-0.60947573	0.6554918	0.362435	0.20901075	0.4776682	-0.58018607	-0.4742743	0.25541842	0.42596754	0.48998094	0.51319367	-0.015819266	-0.6147902	0.6569079	-0.33750907	-0.49372426	-0.31171697	0.34520674	-0.4505286	0.30536827	-0.5491104
0.5331581	-0.099916086	0.6031391	-0.5093248	-0.61923254	-0.37206644	-0.41138318	0.04424453	0.22829281	0.2145888	0.58691216	0.7515709	-0.55273825	0.034744292	0.44185078	0.51154333	0.38409692	-0.38415614	-0.49698347	0.69012296	-0.44375992	-0.47200578	-0.52471113	0.5490326	0.043221284	0.62954885	-0.29883534	0.16374785	-0.19761443	-0.5217912	-0.5377271	-0.4704149	0.21490982	-0.26507494	0.43447244	0.59627223	-0.035158012	0.20938127	-0.44693342	0.24217622	-0.55546117	0.49934286	-0.067342885	0.6168516	0.6486402	-0.20849392	-0.37675777	-0.6117951	-0.33446783	0.5708085	-0.5276339	0.3079659	-0.71136945	0.24920961	-0.51971096	-0.18721268	0.3019161	-0.56405914	0.42988938	-0.6701255	-0.42537287	-0.42503452	-0.14610985	0.31591415	-0.40781516	-0.38109788	-0.6774296	-0.45665285	-0.5906585	-0.73378766	0.6178238	-0.5999731	-0.4303336	0.12872703	-0.2228846	-0.33586714	0.04819327	0.635833	0.52164304	-0.29950213	0.5995948	-0.48309672	-0.28203413	-0.6760408	-0.37326798	-0.01148736	-0.47742456	0.008086758	0.6718305	0.5808558	-0.5852471	0.4589571	-0.4513134	0.38556722	0.5399339	0.53326076	0.47425187	0.46016377	-0.36637348	-0.40598252
0.26422697	-0.5370192	0.03629241	0.3184464	0.54690903	-0.18514758	-0.6791298	0.55702096	0.42641595	0.4255472	-0.18571623	-0.31778732	-0.49190286	0.3219041	0.6996542	0.5974269	0.6760097	0.5998934	0.52525175	-0.077782	0.63733494	-0.5974734	-0.15831277	0.45068488	0.59880173	0.22990784	0.09248256	0.24101664	-0.123509444	0.503517	-0.3851801	-0.3182119	-0.5839792	-0.46474555	-0.18142131	0.46390378	-0.2347669	0.13018475	-0.49715024	-0.11923835	0.6424888	-0.24800904	-0.28468704	0.76468265	-0.42403275	0.34958294	0.27813175	0.4826883	0.45746967	0.17045963	-0.11509088	0.35866782	-0.5914831	-0.59494984	0.3088764	0.10882752	-0.69320023	-0.60461324	0.004753017	-0.68336064	0.30766737	0.25140545	0.693754	0.2303224	0.10809233	0.45935163	-0.030159628	-0.35286206	-0.1841054	-0.5440841	-0.13231179	-0.65049314	-0.5866073	-0.0038786032	-0.121811785	-0.37041217	0.4709886	0.47355548	0.26109147	-0.3626538	0.73086864	0.544193	0.32425475	0.63601667	-0.87367296	-0.67523956	0.47043142	-0.17573276	-0.014802125	-0.28848866	-0.3663418	-0.29878092	0.5005685	-0.8090595	-0.55772287	-0.3676364	0.5601679	-0.6403567	-0.7176686	0.46583566
-0.7465447	-0.41941386	0.50962406	0.43584576	-0.7122582	0.37637544	-0.35735872	-0.59178984	-0.3934067	-0.020297484	-0.17167674	0.402003	-0.34795672	0.2172999	0.5447407	-0.6540101	0.63803875	-0.25092456	0.3131299	-0.6647233	-0.7452279	-0.12880385	0.51782197	0.56960875	-0.5386533	-0.43878782	0.29965422	-0.30717635	-0.19017358	-0.6381013	0.53985006	-0.32884768	0.44276667	-0.6439059	-0.6191775	-0.57321304	0.74434215	-0.099747516	0.35350266	0.3965517	0.31766433	-0.67214864	0.5969422	-0.7026781	-0.28001666	-0.26722124	0.49640486	-0.7758936	0.06658498	0.4278	-0.613893	-0.19856504	0.49222308	0.014977433	-0.17685595	-0.14003111	0.33659625	0.20748937	-0.30782157	-0.029321056	0.14454848	0.53088886	-0.4889258	-0.438906	0.6347729	0.3464313	0.28613156	0.56313324	-0.5422945	0.15104745	0.43473625	0.43907875	0.60006595	-0.4658548	0.32062498	-0.6457231	-0.5629808	-0.38876802	-0.29768407	-0.5946589	-0.5539131	-0.62600136	0.6569183	0.08715084	0.5865197	-0.15822774	-0.39693052	0.6092249	0.21824414	0.40615708	0.38967597	0.16414602	0.051272664	-0.393594	-0.019409534	0.30877787	-0.18830669	-0.027613396	0.34917253	-0.34837297
-0.66000587	0.39639854	0.27977204	0.47229037	-0.21565457	0.66274655	0.56911767	-0.53829265	-0.24639879	-0.30618382	0.035073195	-0.050427195	-0.3768217	0.09455671	-0.58741724	-0.16134684	0.7386063	-0.6030086	-0.043755576	-0.59711117	-0.66135865	0.22583188	0.13046968	0.05410494	-0.7267324	-0.45807928	0.11579807	-0.019356193	-0.3989782	-0.43362528	0.5985937	0.2121218	0.42242154	-0.38175333	-0.49982962	-0.3718944	0.8119273	0.03459726	0.3223595	0.65781486	-0.37035164	-0.32413557	0.509737	-0.569775	0.1575001	-0.5206745	-0.12964272	-0.7264859	0.33553225	0.10892519	-0.056281336	-0.05976134	-0.058567084	0.4607887	-0.70781934	0.21422374	0.6148261	-0.017421324	0.47536576	0.12779981	0.46021494	0.46852687	-0.4361188	-0.4514026	0.37506953	-0.2628962	-0.22589394	0.656329	-0.56145644	0.60745895	0.5603048	0.35770082	0.5595068	0.13147484	0.19149141	-0.09206306	-0.02835079	-0.35986242	0.17577557	-0.34715608	-0.68609494	-0.6888638	-0.51999223	-0.5040186	0.47912404	-0.52520317	-0.67560416	0.09803858	0.17563905	0.10077627	0.42536512	-0.09935794	-0.6640565	0.5847983	0.29532033	0.60255873	0.07040401	0.62420356	0.33121407	-0.08519154
0.5561872	-0.53130275	-0.3733329	0.2841032	0.6748231	0.44872138	-0.67821425	0.4919452	-0.42580903	0.53085524	0.16569833	0.59287494	0.4852515	0.30413526	0.41139302	0.5670216	0.6721576	0.4957295	-0.69672924	-0.7296153	0.24569109	-0.44640845	0.6165925	0.5661612	0.53138375	-0.57348436	-0.6649023	0.6367426	-0.39983112	-0.7481124	-0.2900178	0.4646113	-0.6328774	-0.5714234	-0.74177617	0.5831164	-0.48261514	0.0031435716	-0.71761006	-0.2667907	0.4602586	-0.004620849	-0.5204196	-0.40252706	-0.44336167	0.51366204	0.5757917	-0.34220958	0.4467578	0.4408879	-0.46256793	0.6531952	-0.6231639	-0.2983309	0.4160193	-0.38241726	-0.6121269	-0.5079721	-0.52163315	-0.60085523	0.13231611	0.60118693	0.32823837	0.6972678	0.40070412	0.29945585	0.5391579	-0.38990864	-0.5079178	-0.15081856	-0.4332706	-0.56889194	-0.56900615	-0.69638	0.21061444	0.5804491	0.60731554	0.6482004	0.2018876	-0.738305	0.58063674	0.56865764	0.5991476	0.26955122	-0.52453816	-0.48875138	0.46356702	0.50820297	-0.63842857	0.711658	0.59195584	-0.6671779	0.42322654	-0.53928506	-0.53636634	-0.65662247	0.677064	-0.40344515	-0.5616732	-0.5725522
0.39481792	0.4775303	-0.4334995	-0.21060175	-0.7392399	-0.19357806	0.42305994	0.25742036	-0.6039998	0.6883244	0.42239866	-0.4101196	-0.44499233	0.4522634	0.75178343	-0.4138181	-0.5074935	0.7541955	0.49647737	0.5216865	-0.7787073	-0.73968565	0.65940374	0.02963148	-0.7614585	-0.2878434	-0.46236104	-0.58413035	-0.628746	0.21739449	0.6340577	-0.5154747	-0.60260445	0.56741935	0.22922301	-0.6460254	0.5725594	0.5990697	0.41130728	-0.77313364	-0.35416064	-0.76607543	0.07151169	-0.6645299	0.16090705	-0.836127	-0.6300892	-0.0057222997	-0.48256463	-0.59977084	-0.69523644	-0.6470319	0.40648854	0.35679293	0.47788996	-0.73817486	0.6318927	-0.5041607	0.86400473	0.5311545	-0.56418705	-0.55897766	0.19418669	-0.635112	0.72383744	0.7038735	-0.4378836	-0.55544525	0.46671173	-0.7065442	0.5810781	-0.34401885	0.47516313	0.37876543	0.25624532	-0.7613694	-0.6390377	0.5844302	-0.4050181	-0.00928488	0.39347365	0.482703	0.6010273	0.43722972	0.2217439	0.5537971	-0.66599166	-0.42061433	0.6642128	-0.5801876	-0.7152455	0.647086	-0.6975	0.39882824	0.4264396	0.05242422	-0.61762184	0.66429836	-0.58464885	-0.6821327
-0.55251867	-0.37749904	0.28842267	0.038807396	-0.22011696	-0.059186805	-0.08259834	0.16512409	-0.1118602	0.58547014	0.1532654	0.08930895	-0.6298154	-0.32513207	0.45090824	0.37972128	0.19740182	0.49123335	0.5284205	0.0064470316	-0.284723	-0.18203099	0.4766611	-0.24183922	-0.043153137	0.5497415	0.725243	-0.4921919	-0.47934854	0.10783519	0.5416239	-0.614836	-0.32226416	-0.65170455	0.37399024	-0.7042822	0.5871149	0.55822057	0.31918162	-0.26753145	-0.2912884	0.5372756	0.5994342	-0.6840004	0.19347423	0.042072646	-0.6430826	0.25933722	-0.3238988	-0.5175613	0.20683528	-0.7155956	0.01733731	0.37272826	-0.19783473	-0.23131965	0.4943797	0.09386981	0.54854673	-0.17212951	0.3986019	-0.16328816	-0.059055053	-0.7894702	-0.14098005	0.37870046	-0.24883683	0.5482377	0.44904515	-0.5284868	0.09245688	0.15858048	0.38739848	-0.24856216	0.45155707	-0.6388835	-0.74239796	0.15076655	-0.630063	-0.3097737	-0.55978876	-0.48079774	0.0677805	0.42896774	0.3346218	0.048588216	-0.5551679	-0.016879275	0.25724572	0.45770425	-0.48296013	0.33479577	-0.6003937	0.25999343	0.056406166	0.54644454	-0.5435462	0.37049615	-0.0077001867	0.070260085
-0.66756403	-0.1756082	0.50292444	0.3574987	-0.6427051	0.41713652	0.4259888	-0.5540934	-0.3675207	-0.44414765	0.02580001	0.6704234	-0.11865628	0.32001862	-0.0062217037	-0.59150183	0.6047304	-0.4586827	-0.43245056	-0.41291028	-0.33263978	-0.08110824	0.5673729	0.37224022	-0.20259131	-0.303824	-0.47080788	0.46202713	0.4628148	-0.5713866	0.5810645	-0.11792829	0.7122809	-0.49122244	-0.28080392	-0.41775772	0.6425852	-0.27112308	0.3379742	-0.37589014	0.53946155	-0.13157089	0.59377867	-0.634669	-0.29315752	-0.26989597	0.38545227	-0.6157362	0.19888632	0.5477404	-0.47771108	-0.4558067	0.529034	0.5667125	-0.593168	0.44602457	0.18668266	0.28251246	-0.044713505	0.38313168	0.37510058	0.6365696	-0.4753628	-0.03206963	0.5598877	-0.4429865	0.47983557	0.55014646	-0.677957	0.46521983	0.2557571	0.5188299	0.31326744	-0.1558968	-0.34160146	-0.02454149	-0.6106677	-0.45726222	0.2296062	-0.6021423	-0.5496623	-0.279565	-0.5613895	-0.37045848	0.3440154	-0.116489336	-0.13757257	0.4701946	5.2480063e-05	0.38728255	-0.10720724	-0.5545849	-0.18165301	-0.45439553	0.33620557	0.24246788	0.21980773	0.23052047	0.5869543	-0.30187485
-0.5501657	0.7884328	0.58803356	-0.6776994	-0.2674528	0.8912728	-0.7033677	-0.8268599	0.59943914	0.050943848	0.55431736	0.11138789	-0.45207152	-0.45449054	0.4539419	-0.031005213	0.8539734	-0.32809642	0.2500898	0.6495192	-0.15013933	-0.65468806	-0.38066614	0.54833883	0.1506427	0.7709921	-0.5232196	0.5813685	0.3033362	-0.3635299	0.3903312	0.46886843	0.549964	0.73436856	0.47260734	0.42088684	0.055793628	0.54059386	-0.5859666	0.63185143	-0.77232575	0.4132046	-0.26736146	0.25007737	0.33156556	-0.7618543	-0.5655323	-0.77338094	-0.47069386	0.50527096	-0.67955834	0.35927922	-0.33458152	0.7616914	-0.36528197	-0.8538602	0.41453788	-0.5582025	0.38315207	-0.6603497	-0.13036682	-0.6709086	-0.68462366	-0.51431435	-0.14443417	-0.34738314	-0.8078155	-0.40887266	0.6927526	-0.6855715	0.47226006	0.6095166	0.38444272	0.55820054	-0.17638335	-0.84736764	0.7715008	-0.44384935	0.3603594	-0.6516971	0.40765914	-0.5048697	-0.78015685	0.10448052	0.056839183	0.63163507	-0.83269686	-0.75188935	-0.09361384	0.7380511	-0.68140197	0.71291095	-0.4134613	0.5274905	0.77764696	0.65433156	0.27789247	0.62616426	0.14884126	0.7483247
-0.48463786	0.4145363	-0.48390627	-0.34023538	-0.5878387	0.37440327	0.61638224	0.54168	-0.54955214	0.3561298	0.6135906	0.32862163	-0.3668095	-0.52329737	-0.68713254	0.5275649	0.04527998	0.49815613	0.710599	-0.20434283	-0.3522785	-0.19477439	-0.62179416	-0.2183552	-0.69063324	0.18102837	0.7076311	-0.61483353	-0.50295746	0.62200963	0.57394034	-0.7133536	0.017373221	0.037782222	0.02323116	-0.5720966	0.4664008	0.59083307	0.6471355	0.342102	-0.56948775	0.7045904	0.35029384	0.40959886	-0.001472641	-0.2027271	0.085227266	-0.06564314	-0.71354717	-0.72143453	0.24256884	-0.3353697	-0.11986225	0.52078754	-0.23788492	-0.7309883	0.5597298	0.0052769915	0.4370379	0.14599068	-0.15161029	0.0018852355	-0.7533345	-0.5734174	-0.64522505	0.5709163	-0.60894215	-0.23470512	0.29833913	0.6404236	0.60538346	0.43737236	0.51811486	-0.19589694	0.45907155	-0.16769473	-0.5581257	0.46330565	0.06671451	0.31777447	0.27212313	0.586257	0.5175707	0.45828772	0.41339839	-0.19034041	-0.7353527	0.073688336	0.2953012	0.3775328	-0.28614447	0.019157548	-0.7337195	0.27410987	0.6174066	0.67916983	-0.57446647	0.31441662	-0.11201807	0.5269609
0.12585281	-0.66610533	-0.23592032	-0.0452981	-0.17072508	0.04024076	-0.29688245	0.057125885	-0.25423482	0.5790663	0.47129682	-0.5954849	-0.6064797	-0.6482646	-0.056348074	0.7558656	0.43596998	0.444987	0.40912926	0.5564433	-0.0749746	-0.338937	0.6640084	-0.10545806	-0.59136134	0.25255966	0.5793328	-0.5565378	-0.65609825	0.64469147	0.23056278	-0.4526039	-0.73783773	0.09901691	-0.29009524	-0.3941835	0.22689332	0.486077	0.63408536	0.51389086	-0.41796646	0.39395088	0.36545247	-0.3577065	-0.17484006	0.5321585	-0.28712317	0.36599854	-0.6431511	-0.43315685	-0.52536184	-0.6003747	-0.55393344	-0.5744731	0.10205754	-0.7785509	0.5567975	-0.28463182	0.55759335	-0.44568545	0.54523087	0.14566198	-0.6435104	-0.48004436	0.48706314	0.4860239	-0.6802505	-0.6462577	0.08861305	-0.3639759	0.32915226	0.27328366	-0.42463025	0.17781678	-0.1399239	-0.54421777	-0.51912385	-0.28609842	-0.62662923	-0.40750727	0.4474915	0.67505085	0.51050866	0.39970908	0.63034064	0.33252376	-0.62767756	-0.5928492	0.2479882	0.18820632	-0.64573	0.55247504	-0.58541566	0.25024986	-0.65917015	0.63896376	-0.35894808	0.5960925	-0.3448296	-0.3500207
-0.23815207	-0.32346207	-0.36517444	0.4773892	0.49107453	-0.26242444	-0.429612	0.56661373	0.7364058	-0.45014223	-0.5128354	-0.4734612	0.5979584	-0.48520622	0.018579217	-0.6876889	0.12165739	0.59738505	0.09797656	0.23914357	0.44262102	0.3530105	-0.60538197	-0.60755056	0.6824111	0.49343663	-0.5190587	0.06499571	-0.5954743	0.7003632	-0.4224218	-0.045894906	-0.6865936	0.15538551	0.51232594	0.6580881	-0.4337609	-0.4713611	-0.4784493	0.41518354	0.51860297	0.09157507	0.31694964	-0.18253808	0.43561077	0.47164473	-0.16846585	0.21474783	0.3826078	0.65537935	0.7199344	0.21121626	0.6214768	-0.6046176	0.5299101	0.68854886	-0.5170393	0.40415275	-0.3572225	-0.1875837	0.54171336	-0.42081657	0.63677746	0.43550485	-0.56195605	-0.60192144	-0.58364886	0.1575139	0.43944034	0.45172605	-0.7168456	-0.45635784	-0.016151134	0.6615602	0.6816707	0.2502471	0.74057525	0.53584504	-0.70029044	0.55438715	0.5355102	0.5913513	0.26018646	-0.7227942	-0.3212608	0.24764802	0.6222133	-0.5411628	-0.36655018	-0.5345381	0.7778293	-0.70653105	0.81930625	-0.80533963	0.14051314	-0.2981436	-0.49676484	-0.74754137	0.5630427	-0.17136262
0.44703594	-0.31462327	-0.45588014	-0.13019522	-0.017755825	-0.562555	0.47265851	0.202533	-0.5204893	0.06102486	0.41963154	-0.5747428	0.48232928	-0.5363592	-0.4396764	-0.21469182	-0.47244462	0.60770214	0.5879495	0.40184572	-0.49499336	-0.23952036	-0.53714013	-0.45511198	-0.5489968	0.19445091	0.27443174	-0.3937653	-0.6018555	0.36008406	0.5622316	-0.6050506	-0.17554224	0.54798096	0.49634805	-0.27059847	0.6838093	0.41596556	0.59266	0.6817105	0.39646232	0.6591938	0.4168778	0.12597713	0.23076455	-0.006135514	-0.54280746	0.47169834	-0.61309785	-0.703234	0.35963282	-0.65222913	0.49183998	0.5147549	-0.43564013	-0.6558483	0.07232048	0.55532557	0.6215254	0.6734785	-0.6645898	-0.35740727	-0.3919853	-0.698161	-0.01256634	0.0019380113	-0.44912994	-0.5005036	0.565576	0.25574067	0.4346095	0.5543223	-0.44825533	0.24748805	-0.066031784	-0.1331535	-0.4279487	0.10583356	-0.4725368	0.4142186	0.0011844435	0.32782972	0.21386142	-0.4665873	0.6458582	-0.123478256	-0.40345484	-0.33034468	0.42805323	-0.25523984	-0.28963977	0.5713249	-0.39474913	0.60900444	0.5078927	0.29872668	-0.42512274	0.24071252	0.39219084	0.09681037
-0.72636944	0.5962539	0.32691506	0.0287127	-0.09469121	0.6233583	0.52518505	-0.59282154	-0.5782167	-0.6136515	-0.25084022	0.473143	0.483936	0.12966098	-0.58475	-0.59032536	0.57957655	-0.5580525	-0.49886405	-0.38050073	-0.36531702	0.66099465	0.53958887	0.32570803	-0.6208449	-0.3638227	0.24400134	0.13080992	0.49036977	-0.06266577	0.32906425	0.32759383	0.50021595	-0.056169994	-0.5222579	-0.4972831	0.22662844	-0.42375973	0.39432147	0.17160775	0.5801298	-0.50650334	-0.16642319	-0.38516107	-0.49535266	-0.17635038	-0.0233939	-0.41624126	0.12713481	0.6787905	-0.66334057	0.5341391	0.6526805	0.3518582	-0.43578053	0.60170317	0.4165286	0.4821718	-0.4922775	0.4270435	0.34964195	0.6432247	0.05481676	0.51243186	0.1976527	0.06922982	0.34773225	0.5707486	-0.08494613	0.4549341	-0.5061106	0.6521949	0.5649488	-0.3176698	0.070648074	0.76382774	-0.48995832	-0.28355128	0.3195314	-0.15981923	-0.42990714	-0.42468145	0.051016476	-0.68212694	0.2185642	-0.64488834	-0.31889108	0.4417719	-0.3653397	0.56361735	0.28996873	-0.39576167	-0.46603018	-0.48153302	0.033194814	-0.1925882	-0.15130474	-0.6350801	0.37762725	-0.474603
-0.5001751	0.3517367	0.40960577	0.3496339	-0.5207093	0.38570058	0.4739096	-0.34732974	0.15905489	-0.25834075	-0.269532	0.5112112	0.5817733	0.41411307	0.49565634	-0.5407631	0.31596512	-0.046591524	-0.3798375	-0.47299442	-0.006408467	0.14756832	0.61505306	0.37255415	-0.25175133	-0.68598205	-0.46993113	0.18145029	0.48911676	-0.4383256	0.62298846	0.46374467	0.13769421	-0.4680931	-0.38711718	0.1767347	0.43278885	-0.073684566	0.56036425	-0.1889667	0.06420415	-0.48522478	0.28810823	-0.38631317	-0.3077833	-0.052211303	0.49895737	-0.5346948	0.49463663	0.64040273	-0.45870686	-0.23197983	0.305259	0.20432633	-0.22537027	0.24111822	0.29964578	-0.17712621	-0.15841678	0.47845423	0.005979569	0.40427607	0.31601173	-0.18951006	0.42490777	-0.42447323	0.6843767	0.55179	-0.595769	0.38523668	-0.43335572	0.64544207	0.43798074	-0.3071563	0.17989579	0.59410024	-0.39183202	-0.47351015	0.22286455	-0.588638	-0.4882893	-0.43388	0.43170166	-0.5500709	0.6391757	-0.49596328	0.04247944	0.6856854	-0.2904537	0.5149311	0.45442346	-0.4254387	-0.24226226	-0.63489485	0.3253534	-0.4509141	0.46676564	-0.11166498	0.3511979	-0.67195326
0.44522837	0.35334408	-0.10150158	0.01941392	-0.57853526	0.11056282	-0.69913906	-0.20120874	0.5095244	0.39040947	0.43390614	0.09076463	-0.5376199	0.07578433	0.5368128	0.5586274	0.52827173	-0.50187284	-0.24780665	0.4428018	0.8118388	-0.40309995	-0.6003326	-0.28490967	0.21752797	0.11839396	-0.43484288	0.5217617	-0.17656389	-0.2932778	-0.5877163	0.7032811	0.47550496	0.6374829	-0.25918314	0.46174112	-0.6071413	0.098160855	-0.43958896	-0.045207664	-0.68174744	0.34330595	-0.59574914	0.40049493	0.36684653	-0.5608857	-0.2647059	0.32591605	0.46030915	0.6443628	-0.5597184	-0.54951966	-0.5299386	0.3731488	-0.58540064	-0.3631603	0.20715855	-0.70331186	0.3083236	-0.54645044	-0.34553772	0.0135770235	-0.33227372	0.0034965219	-0.17582612	-0.18939018	-0.28529477	-0.48155576	0.5204269	-0.78740656	0.37710938	-0.64269227	-0.579493	0.44375122	-0.2999859	-0.4520573	0.5397843	0.28284425	0.04163115	-0.19977638	0.5413573	-0.3648761	0.25783074	0.5583948	-0.5509417	0.40772864	-0.28425032	-0.5392802	0.23221382	-0.10450248	-0.694385	0.4164516	0.44855618	0.63601863	0.42609492	0.031745687	0.41681606	0.34737077	-0.5983419	0.5615353
0.29098713	-0.39435145	-0.82296556	0.6487256	-0.5705952	-0.32666197	-0.34809864	0.35752124	-0.51417077	0.7845116	0.23646453	-0.3814774	-0.4935459	-0.15271193	0.03428639	0.23690158	-0.6473422	0.7754099	0.7909494	0.4193683	-0.77170277	0.22579932	0.7770471	-0.6696812	-0.29898286	-0.33972135	0.73711985	-0.40100917	-0.6910054	0.6792566	0.7414707	-0.7761013	-0.7979049	-0.5385607	-0.3511783	-0.3763071	0.7469655	0.55145395	0.6442352	0.37108847	-0.28982756	0.4428094	0.48167807	-0.281518	0.2224333	0.5896954	-0.46431702	-0.0033135207	-0.7203444	-0.46162868	0.25082403	-0.46993175	-0.23696242	-0.54172146	0.005576681	-0.7486738	-0.4245223	0.7798008	0.72107935	-0.38777676	0.6509891	-0.05082307	-0.5661767	-0.8038056	-0.3317146	0.7751314	0.5031024	0.17785865	0.39063114	-0.28496012	-0.08572917	0.49971804	0.65409654	-0.6227199	0.47196218	-0.6177872	-0.8220242	0.20030504	-0.7896618	0.79188925	0.28842014	0.74589664	0.62940824	-0.5989073	0.63661075	-0.55896413	-0.76834756	-0.16510361	0.20993567	-0.6351974	-0.63339597	0.51992726	0.19866958	-0.29228434	-0.017663874	0.6102495	-0.81068075	-0.5104571	0.5386867	0.44637814
-0.31634286	0.44003585	-0.65754485	-0.44669864	0.51489645	-0.1802553	0.6993497	0.30136436	0.713881	-0.36272603	-0.7992762	-0.7120066	0.6731428	-0.22227952	-0.60090715	-0.53926915	-0.3712526	-0.25628477	-0.5700383	0.10188159	0.64617366	0.706968	-0.42067143	-0.59288406	0.5810543	0.49156046	-0.20423491	0.66989976	0.55729306	-0.01910249	-0.31462783	0.45807454	-0.69662625	0.31736043	0.0951875	0.7776576	0.7580615	-0.27550596	-0.7677565	0.5788415	0.39760005	0.61523056	0.6990333	0.61621493	0.49118164	0.64907515	0.2857393	0.579841	-0.54909223	0.81760186	0.4794773	0.67112404	0.6634962	-0.5214666	0.392759	0.74262977	-0.65880394	0.54905707	-0.46043453	0.6476148	-0.18972261	-0.50428456	0.49932605	0.602544	-0.50916564	-0.5136499	-0.54418737	-0.39344513	0.67925024	0.8196189	-0.45592055	-0.5599848	-0.5532636	0.62627536	-0.46746716	0.33154178	0.47678733	0.51235485	-0.6696862	0.2660372	0.74239147	0.5437194	0.73616326	0.58108246	-0.7855083	0.47545838	-0.06642074	-0.5208485	-0.7528894	-0.38259012	0.44785315	-0.8113084	0.5597983	-0.8023589	0.49409774	-0.41148207	-0.28113312	-0.36300966	0.519669	0.36968657
0.49144718	-0.63546723	-0.80791134	-0.14224917	0.41594055	-0.56054306	-0.22027017	0.5891234	-0.035234805	0.5799823	-0.16673657	-0.47968605	-0.32850528	-0.62973416	0.43603516	-0.07529414	0.07354387	0.75159675	0.5991073	0.14160495	0.33808574	-0.056882765	-0.19878942	-0.2988392	0.010669538	0.3656181	0.6659701	-0.6175419	-0.62247384	0.6916361	-0.32597858	-0.44711098	-0.48497415	0.19520068	0.35771286	-0.081475705	-0.008327162	0.49711308	0.1205556	0.51949424	0.36207262	0.20774725	-0.16554175	-0.025412008	0.48013976	0.3839296	-0.05069727	0.67011786	-0.6800882	-0.2891399	0.35879758	-0.18269768	-0.2228082	-0.42525682	0.5384724	-0.45388776	-0.40878776	-0.39732116	0.4609342	0.11863416	0.41350758	-0.578986	0.5241521	-0.32836467	0.07499023	0.6926334	-0.44679368	-0.50628465	0.6582814	-0.07525623	0.15622215	0.21593939	0.05708405	0.56818	0.65128684	0.029354692	-0.13295421	0.57729256	-0.78167945	0.593273	0.26415738	0.63038206	0.3835163	0.25483412	-0.40507317	0.12296385	-0.6702639	-0.5011587	0.3984509	-0.3591262	0.36331046	0.42057383	0.49828553	-0.020129103	-0.6718584	-0.63314545	-0.7392321	-0.57668716	0.117866285	0.15087716
0.58295566	0.5223559	-0.54295015	0.031845227	0.36041316	-0.58592254	0.3990043	0.6895428	0.7455977	-0.119446754	-0.616719	-0.23975047	0.7179674	-0.43883395	-0.047448102	-0.5617706	-0.42428038	0.5932427	-0.32376093	0.53396404	0.74842054	0.50982356	-0.31585002	-0.6740143	-0.16848227	0.03643747	0.3502103	0.5495902	0.34046978	0.6442285	-0.44443944	0.26433533	-0.6521386	0.3644628	0.3086376	0.4361599	0.081886075	-0.43440276	-0.6134474	0.6407487	0.29159603	0.39948627	0.4214205	0.3877689	0.2513345	0.57195956	0.6485001	0.72717166	-0.31565666	0.53491217	0.44439554	0.353615	0.07920104	-0.43188894	0.52609247	0.553997	-0.504415	0.6473366	-0.07740863	0.5275406	-0.15376987	-0.53016055	0.55730176	0.49296126	-0.29556528	-0.21760242	-0.42056385	-0.23618051	0.6602891	0.52160805	-0.39004034	-0.21847658	-0.5770048	0.06820238	0.10933806	0.1638735	0.32493964	0.68281645	-0.77058446	0.32960117	-0.35500026	0.34072712	-0.00805148	0.33564076	0.18201351	0.564702	0.2716531	-0.67937607	-0.4132954	-0.5363642	0.71684355	-0.43468478	0.699167	-0.46960083	-0.4948447	-0.658657	-0.32701313	-0.6087169	-0.06087229	0.05670099
0.24255538	-0.5167539	0.040309075	0.17466322	-0.53495574	-0.26253742	-0.36823446	0.38582438	-0.2366637	0.7559068	-0.00034502486	0.02475076	-0.20424691	-0.4742007	0.54447246	0.39452136	0.044156503	0.24851747	0.7424138	-0.20301141	-0.32753143	0.116407275	-0.0007556639	-0.24724787	-0.5171101	-0.07199874	0.4909148	-0.62688744	-0.5362063	0.17661847	0.44726005	-0.780934	0.16937852	-0.32885632	0.5341486	-0.6259313	0.506793	0.4774801	0.33528727	0.24951798	-0.68061966	0.3598695	0.47755116	0.19935283	0.10477828	-0.41690633	-0.3973322	0.31016442	-0.71588	-0.7165235	0.16738144	-0.50113046	-0.26337263	-0.5348964	-0.5938649	-0.73761153	0.2999245	0.31952086	0.59149826	-0.6394018	0.4740725	0.46459752	0.060581144	-0.64202833	0.12152758	0.6804044	-0.57737625	0.06460715	0.23733683	-0.5321261	0.43111387	-0.113263406	0.07396356	-0.4893033	0.43141997	-0.4500853	-0.7508478	0.34113908	-0.4432566	0.14021653	-0.33319724	-0.17305481	0.16330415	0.7254838	0.60794294	-0.59891486	-0.73359376	-0.27052402	0.26375005	-0.5378403	-0.41668713	0.66650975	-0.07046195	-0.13951313	-0.70712733	0.54615027	-0.54894745	0.26208484	-0.3068334	-0.32977742
0.20152177	0.29090258	-0.53752345	0.32090974	-0.57093924	0.3313063	0.1766228	0.58434254	0.35801882	0.39449614	0.16388105	-0.59524024	-0.20041081	-0.19176677	-0.48669493	-0.07729949	-0.5899196	0.64352393	0.7648962	0.3335023	-0.089181356	-0.5107458	-0.2803675	-0.3116154	-0.2939691	0.4609789	0.71293217	-0.5869923	-0.6447744	0.44054067	0.052985508	-0.61185044	-0.3866877	0.50922215	0.24836615	-0.45387354	0.25037238	0.3198139	0.19534214	0.6177538	-0.5466361	0.5780123	0.25326714	0.4970224	0.6201281	0.31485632	-0.52429354	-0.10745018	-0.69807696	-0.3544398	0.48435926	-0.68901104	-0.6287024	0.2465986	-0.38720655	-0.7529561	0.1907865	0.04413579	0.48575836	0.04336569	-0.51518553	-0.5497081	0.40755734	-0.48811862	-0.46631154	0.3713505	-0.34805384	-0.09686435	0.6415811	-0.47158283	0.6133359	0.35024235	0.3487603	0.67083555	0.63934815	-0.7193466	-0.45646223	0.72544837	-0.63224185	0.64702666	0.54138964	0.4369196	0.042995702	0.5217798	0.40588337	0.010662546	-0.32051763	-0.4402735	0.4665789	-0.7557599	-0.58023685	0.49707547	0.29163402	0.60717314	0.02424368	-0.06334284	-0.54698586	0.4512221	0.2092456	0.65576553
-0.09480446	0.22576024	0.5623989	0.56753856	-0.56712985	0.6135594	-0.68279654	-0.62721366	0.5265428	-0.16363083	0.4517695	0.6365075	-0.20367637	-0.36216184	0.29701102	0.46404758	0.4315359	-0.39378554	-0.08814319	-0.64079404	-0.11816427	-0.33046362	-0.3043277	0.7670551	0.68048334	0.011864441	0.36567998	0.2374873	0.63755393	-0.48183897	-0.54915804	-0.25585368	0.57043505	-0.37584266	-0.20068473	0.5414336	-0.59922034	-0.32089743	-0.31595936	-0.6685962	0.033214778	0.29005745	-0.57378745	-0.14423297	-0.5763895	0.0742594	-0.5092915	-0.8196693	0.81869715	0.48533922	-0.5179134	0.613964	-0.2924024	0.03590683	-0.7106294	-0.052051943	0.4445165	-0.70943266	-0.3791418	-0.638786	0.12150007	0.71812195	0.09145129	-0.028115498	0.3979892	-0.6082893	0.29954118	0.39124858	-0.8249851	-0.10901694	0.24218214	0.43047702	0.4190103	0.17279363	0.20008542	-0.25014222	0.45907903	-0.097378306	0.48483709	-0.32335332	0.0731474	-0.5212721	-0.78036726	-0.69968355	-0.1762974	-0.29323423	0.120275654	-0.08990331	-0.070452996	0.6656246	-0.42985052	0.23876801	-0.16659616	0.3869619	-0.16780248	0.17327167	0.18745568	0.6163897	0.0041470053	-0.31714228
0.51008534	-0.4090563	0.476182	0.25111675	-0.4693162	-0.36494747	-0.33493468	0.64810705	-0.33518332	0.60478467	-0.36170584	0.4570414	0.53333306	-0.018987052	0.70773524	0.6762643	-0.38050613	0.7310863	-0.5352289	-0.5800737	0.6383875	-0.48082128	0.39474025	0.6160944	0.408763	-0.64173967	0.5751657	0.38544515	-0.605019	0.44099152	-0.53473616	-0.29482436	-0.4996052	-0.5527948	-0.578841	0.4049108	-0.47095603	-0.37577075	-0.52637506	0.06707365	-0.59004635	-0.50854635	-0.48068467	-0.39206505	-0.3015295	0.3986954	0.5753533	-0.553053	0.5119105	0.48083434	-0.2517891	0.07342946	-0.6003414	-0.40649003	-0.51405114	-0.37346154	-0.7361434	-0.4816565	-0.5323798	-0.60155106	0.56020343	0.36032408	0.68190956	0.41617504	0.6558538	0.534984	0.45011693	-0.48197246	-0.48243955	-0.44310886	-0.6130207	-0.28092214	0.11562047	-0.5224484	0.20590544	0.50641036	-0.53978574	-0.064371474	0.4805862	-0.45557442	0.4118097	0.48585138	0.73939246	0.22903402	-0.5935755	-0.6140542	0.4065054	0.46675155	0.5981031	0.2889345	-0.29151738	-0.44245395	0.41526932	-0.76773477	-0.4685957	-0.6977035	0.5393779	-0.48219138	-0.5680454	-0.5039833
0.5204244	-0.23499815	-0.16507736	0.5180409	-0.534144	0.10059509	-0.6364463	0.5520168	-0.5713275	0.5449784	0.004043961	0.71132135	-0.7526382	0.057979066	0.61892974	-0.5663237	0.6813372	0.66253746	0.10437376	-0.66019005	-0.12077441	-0.69443136	0.18230061	0.40844965	0.44838393	-0.053626347	0.65000063	0.5675945	0.43298927	0.37722775	-0.46480462	-0.5709625	-0.5467652	-0.6357378	0.300916	0.5551972	-0.47097614	-0.5855168	0.11710622	-0.59707534	0.6835789	-0.62309533	-0.51108503	-0.36133742	-0.4365944	0.31123963	0.28456733	0.5265752	0.1925583	0.6811935	-0.5499254	-0.00345548	-0.7104716	-0.4859425	0.681606	-0.55307895	-0.6547751	-0.38413823	-0.2872858	-0.5124597	0.64574635	0.6996415	0.674905	0.43782875	0.32910344	0.69843394	0.28557882	0.5414599	-0.6316663	-0.23468973	-0.67512935	0.14909539	0.1771911	-0.44962594	0.17018794	0.5690645	-0.3114059	-0.6487312	0.55781543	-0.33813614	0.57370174	0.14395873	0.7887242	0.58843505	-0.59932935	-0.5159164	0.40578765	0.7162394	0.71222967	0.036725413	-0.17474899	-0.5003804	0.5994579	-0.55933046	-0.36377874	-0.4620793	0.40424752	-0.14571628	-0.23324603	-0.7121262
0.357067	-0.36590624	-0.6087439	-0.45933515	-0.24186106	-0.22805569	0.22748151	0.43214205	-0.31293792	0.70650744	-0.42353088	-0.5195242	0.10929605	0.4298181	-0.38962555	0.5072908	-0.6380493	0.302028	0.7341638	0.46546063	-0.63352793	-0.22051735	0.5836455	-0.51966584	-0.12989101	0.63552654	0.3193926	-0.4011666	-0.5416246	0.3205656	0.18947302	-0.4024349	-0.69935435	0.6379597	0.36300007	-0.21647435	0.23337546	0.3983832	0.18818334	-0.56759447	0.5373322	0.1542254	0.6326587	-0.6514238	0.20363398	0.16260317	0.054590646	0.66895664	-0.7135732	-0.6610904	0.0956014	-0.3755729	0.48907012	-0.45492515	0.64601547	-0.7399503	0.36149797	-0.34498525	0.61032045	-0.5161788	0.40041095	0.09926856	0.44134867	-0.28966975	-0.46649906	0.65315384	-0.4512301	-0.4283195	0.47044972	0.14170001	0.08848186	0.2623787	-0.06907155	-0.39482057	0.47204626	-0.6254151	-0.42464662	0.6096369	-0.38838416	0.5906559	-0.14817254	0.71930516	0.6375336	0.7038717	0.61401516	-0.07253017	-0.6644264	-0.24227181	-0.10720866	-0.46917272	0.39031366	0.48953918	0.52785206	0.51878065	-0.4459599	0.37400582	-0.6461745	-0.187464	-0.33421865	0.46231785
-0.6393546	-0.34323063	0.44949925	0.6818428	-0.5608595	0.44229302	0.6783292	-0.32525876	0.16928825	-0.35856175	-0.10292728	0.04766683	0.5763481	0.3796243	0.5609533	-0.61762464	0.49790648	-0.4765845	-0.08904709	-0.7221455	-0.24790166	0.6633847	0.7072001	0.65881723	-0.5955174	-0.28112552	-0.68598366	0.51216847	0.6063083	-0.6128132	-0.080141336	-0.41886756	0.5991673	-0.59495384	-0.4579968	0.09322732	0.7201628	-0.31021255	0.12308742	-0.5920163	0.5770914	-0.67164785	0.4056582	-0.63142776	-0.46949652	-0.43931127	0.69936883	-0.6390675	0.2253138	0.18735446	-0.12095952	0.1675112	0.5660861	0.22494383	-0.36880705	0.68526375	0.5385165	0.650549	-0.5841793	0.21256489	0.5156999	0.39881134	-0.67915857	0.48205984	0.4869904	-0.06464738	0.004226873	0.36173573	-0.5645181	0.60076207	-0.6314297	0.4378136	0.5118711	-0.4510298	-0.36307573	0.7009366	-0.6251337	-0.5920294	0.69328684	-0.686139	-0.3988788	-0.7456998	-0.70182776	-0.6010136	0.4884732	-0.6148946	0.6456936	0.40449676	-0.25541854	0.18458766	0.60679275	-0.69535667	0.05889967	-0.60431266	0.41202074	-0.02159152	0.509513	-0.3085756	0.39786673	-0.31655014
-0.3518775	0.26403773	-0.8240357	-0.08240727	0.4442598	-0.10200008	0.56660676	0.115737095	0.40339226	0.38170967	0.28368047	-0.6505508	-0.4108172	-0.59214485	-0.47302428	-0.006745867	0.45648628	0.5550636	0.5975904	-0.3930606	-0.77836967	-0.05417708	0.50279987	-0.50407124	-0.73612547	0.5036809	0.53943866	-0.69198936	-0.77648	0.19284889	0.72484255	-0.55684066	-0.3318525	0.6051138	0.39717263	-0.7297551	0.61885023	0.7114659	0.7170964	0.6661403	-0.17239319	0.20542493	0.57519495	-0.31466404	0.60748017	0.2231699	-0.47896564	0.45407456	-0.60657275	-0.79435974	0.42413378	-0.56869125	-0.405366	0.59650713	-0.34472123	-0.70152736	0.16634208	0.50765336	0.71855974	0.2851446	0.62190086	-0.43849266	-0.27381897	-0.6188327	0.2449872	0.52448463	-0.5992689	-0.16955616	0.68232113	0.31066656	0.6186409	0.23203325	0.67510235	-0.21512972	0.6180506	-0.8162143	0.5432273	-0.22459172	-0.8391522	0.64948404	-0.35542148	0.056139804	0.103476286	0.16405877	0.8330166	0.4211019	-0.7635365	-0.24833703	-0.34700018	-0.7478968	0.7255348	0.6928769	-0.49944758	0.4583668	0.4265227	0.5612831	-0.7367963	0.4184716	0.49938276	0.41104192
-0.40964574	0.24953291	0.71497816	-0.62892294	-0.5768933	0.67492956	0.38430095	-0.40587983	-0.011024948	-0.5406651	0.24792361	0.439142	-0.5635207	0.3559723	-0.6885144	-0.50621307	0.54760253	-0.4329951	-0.57347244	-0.54433876	-0.68078893	0.66061556	0.41333994	0.51392704	-0.42983848	-0.3780087	-0.47126576	0.6844605	0.7150975	-0.5917616	0.5673821	-0.515777	0.69222254	-0.7532946	-0.56392056	-0.13176677	0.6035133	-0.4956149	0.5408226	0.4910618	0.6845205	-0.42087576	0.60834885	-0.50213325	-0.37563547	-0.49405405	0.5745393	-0.50208163	0.24294151	0.76939476	-0.5800542	-0.47760215	0.25881678	0.6580525	-0.6341798	0.6397723	0.2956792	0.49267662	-0.43852246	0.6595519	-0.573434	0.40975007	-0.5735511	0.5286639	0.5495845	-0.04265036	-0.31027883	0.42539263	-0.40507865	0.6384201	-0.5512658	0.23270647	0.32841384	-0.5032307	-0.5844987	0.34004673	-0.7181282	-0.61410177	0.32235146	-0.58795476	-0.40704873	-0.72127795	-0.6785795	-0.20159398	0.61972797	0.43414435	-0.5259001	0.6319068	-0.23696388	0.49347004	0.7626194	-0.6154673	-0.27541754	-0.5614025	0.49216548	0.42420635	0.5772146	0.7071663	0.42386562	-0.48077616
-0.29261646	-0.5345815	-0.4867586	-0.057723623	0.35570312	-0.44771704	0.644213	0.66937387	-0.57013625	0.39343134	-0.2815424	-0.64130723	0.40080693	-0.6275017	-0.24833941	-0.61687857	-0.5856249	0.45904076	0.7579923	-0.31060272	-0.673535	0.0069468296	-0.032900617	-0.708691	-0.726442	0.55556786	0.46243784	-0.6772069	-0.60052145	0.5033804	0.42995763	-0.37285653	-0.5321088	0.37200466	0.076610304	-0.6749121	0.43066478	0.74897707	0.62621886	0.6115384	0.28131548	-0.5645501	0.36253718	-0.10346692	0.008402827	0.0028971112	-0.6479145	0.67847925	-0.5026598	-0.6092858	0.14006385	-0.6718303	0.065303095	-0.4202625	0.6991584	-0.4536225	-0.20646732	-0.018216621	0.69393486	-0.4365679	-0.018969292	-0.17734681	-0.3212791	-0.7340578	-0.36938366	0.7097383	-0.06870445	0.51982677	0.629902	-0.69412047	0.04319598	-0.55134284	0.5112715	0.55612445	0.30300713	-0.377246	-0.5038984	0.38376728	-0.6388227	0.44981587	0.3333117	0.2418765	0.7350257	0.62448925	-0.067342035	-0.4501781	-0.3477819	-0.46939954	0.26964957	-0.49469793	-0.45677263	-0.05488003	0.4423259	-0.4365154	0.080224596	-0.24336097	-0.37773913	0.2915106	-0.4395703	-0.33066005
-0.57855195	0.6454682	0.71349955	-0.49660546	-0.26828805	-0.41727412	-0.55831987	-0.66059285	0.6911001	0.288733	0.48534212	0.6438516	0.14592844	0.7020806	0.67069626	-0.07868704	0.42203617	-0.17756958	0.037498243	-0.13726734	0.7202619	0.3875957	0.30828688	-0.6023406	0.63237387	0.7373372	-0.4854752	0.47588238	-0.41521618	-0.641146	-0.46806383	0.663024	0.5944627	-0.5771486	-0.6515555	0.6987567	-0.6516254	-0.35464606	-0.49609855	0.73319215	-0.4053935	0.5622201	0.010825607	-0.33714458	0.55602586	-0.415915	-0.22142991	-0.5632504	0.6057676	0.6335443	-0.5884012	-0.5447464	-0.5067115	0.5224491	0.20204277	0.6472607	-0.18292132	-0.5512008	0.28192416	0.6994151	-0.5477215	0.38758653	-0.47574905	-0.3539356	-0.5676433	-0.34462145	-0.32871065	-0.13157651	0.6221274	0.760781	-0.10386439	-0.4168151	-0.6128369	0.6934826	0.14618282	-0.47980645	0.5942845	0.63749677	0.031576265	-0.37239397	0.44369298	-0.40271226	-0.5496162	-0.7452679	-0.5092406	0.31080395	0.7067184	-0.715096	0.5889353	-0.4980415	0.49152622	0.37730083	0.4032515	-0.006294785	0.63740504	0.65398735	0.55527866	0.5411686	-0.49212644	0.641787
-0.5573501	-0.5081345	-0.5502801	0.5575137	-0.47523573	0.22083774	-0.36607584	0.5317284	-0.47224295	0.40835354	0.5060879	-0.6133277	-0.60604095	-0.6982895	0.42155686	0.3496404	0.4869052	0.5607803	0.51839745	0.38758367	-0.564398	-0.501837	0.73904604	-0.5621105	-0.7326494	0.17473993	0.66807616	-0.6609486	-0.7307426	0.37926635	0.58396685	-0.6936038	-0.7053198	0.42400897	0.5570069	-0.24675317	0.3515009	0.21626481	0.5935893	-0.23170227	0.043571897	0.63017225	0.551974	-0.5332866	0.52400523	-0.5955115	0.46852392	0.37952378	-0.59021145	-0.41692215	0.5723771	-0.5797233	-0.49406955	0.6224888	0.5884347	-0.7414222	0.59630644	0.61962646	0.58106554	0.58306646	-0.6232383	0.26783058	-0.71032053	-0.64405435	-0.4887035	0.5597575	-0.5355937	0.55074084	0.42047817	-0.5406711	0.33919957	-0.2709197	0.45271727	0.58257866	0.48466614	-0.75708294	-0.6502539	0.35818344	-0.6685166	0.387687	-0.40553835	0.5643304	0.4857168	0.71473897	0.71168745	0.5545565	-0.6543915	0.46884444	0.6402375	0.63563126	-0.70312375	0.1092249	-0.47767574	0.026177853	0.6682737	0.67870873	-0.2616459	0.5601001	-0.57863	0.22492823
0.68174154	-0.71485037	-0.20400073	0.037715353	-0.1977657	0.36634454	0.37459227	-0.2153123	-0.24640399	0.8080089	0.73201877	-0.7947239	-0.6622888	-0.6457559	-0.6488073	0.7634852	-0.67695487	0.5757657	0.79026854	-0.12276008	-0.49887723	-0.81278056	0.29187986	-0.29085317	-0.46695083	0.7969143	0.5820169	-0.88246626	-0.7098388	-0.18007702	0.65748185	-0.39793384	0.571017	-0.018522078	0.7319614	-0.35713163	0.049122345	0.52457905	0.5636275	-0.21781318	-0.68238854	-0.21207368	0.5205424	0.61532855	0.7053681	-0.33587897	-0.4747578	-0.058713853	-0.36980066	-0.79546165	-0.011203444	-0.74136794	-0.8500575	0.41614127	0.35157442	-0.5287667	0.3141194	0.4264327	0.46575564	-0.7800474	0.6486692	-0.74374723	-0.3330193	-0.787406	-0.7478273	0.5986768	0.07216566	0.42972934	0.45603046	-0.3055613	0.70115966	-0.619301	0.15379435	0.49704129	0.14232722	-0.75752366	0.1361107	0.6981635	-0.6413344	0.7658197	-0.44161904	0.6290065	0.28085566	0.7313221	-0.67301583	0.27594918	-0.49694142	-0.5928812	0.94122165	-0.73218024	-0.8450503	0.6637249	-0.6656929	0.367017	-0.28619492	0.6755578	-0.4937205	0.70591885	-0.35472462	0.83963054
-0.3792107	0.23082288	-0.04130911	0.39319298	0.36560386	0.3976609	0.40096077	-0.26042807	-0.003469866	-0.30673045	-0.37052527	-0.38004974	0.43171597	-0.13537182	0.24262495	-0.5347781	0.52756774	-0.1642595	-0.3650684	-0.32543635	-0.40935898	0.5570406	0.638202	0.15892972	-0.19262204	-0.47945756	0.10887267	0.13838665	-0.26463187	-0.37502483	0.38996157	0.67418724	0.29834628	-0.55922383	-0.19897489	0.019396802	0.119484745	0.0064511835	0.29304585	0.23372129	0.4516466	-0.45112634	0.4793206	-0.65677917	-0.5168391	0.3526434	-0.30126557	-0.70964104	0.3296345	-0.15613088	0.4613966	0.21258052	0.44052708	-0.4127181	-0.56607157	0.5840056	-0.27656996	0.32064325	-0.17458107	0.2836679	0.13550492	0.327992	-0.071641244	0.097810596	0.47978854	-0.36061484	0.2404422	0.38727903	0.09895542	0.55136335	-0.39296117	0.43411875	0.46370506	-0.4560261	0.49428666	0.0785426	-0.103936136	-0.18347958	0.14410095	-0.04191442	-0.4058581	-0.38315558	-0.2237919	-0.19606853	0.29138473	-0.43416187	-0.22621125	0.24118257	-0.48717156	0.18810324	0.57853055	-0.45498955	-0.24097331	-0.5162574	0.26833415	-0.20880643	0.22992131	-0.36216438	0.43777308	-0.093045466
-0.6822986	-0.21354267	0.6303195	0.6955796	0.011764889	0.39340296	0.41857362	-0.46206117	-0.70942235	0.12531751	0.26383808	0.14032513	-0.5470781	0.4441499	0.37268195	-0.28728113	0.36828238	-0.03523953	-0.07661197	-0.4881349	-0.68995595	-0.19788608	0.3293363	0.041284584	-0.403251	-0.48981193	-0.4189169	-0.41906914	-0.353765	-0.2676162	0.78762686	-0.09999204	0.428528	-0.65401506	-0.48268914	-0.49410188	0.6622643	-0.19372717	0.54811865	-0.41488966	0.50853515	-0.6708351	0.74200255	-0.5808937	-0.418831	-0.19327024	-0.3938678	-0.54893863	0.51653457	0.5004241	-0.55508816	0.36210647	0.42834437	0.3563263	-0.5644175	0.11148315	0.39486694	-0.09847574	-0.48566842	0.1761491	0.4089908	0.41910824	-0.34446448	0.19477347	0.43263176	-0.35384426	-0.096451804	0.5449266	-0.40093222	0.3043526	-0.5755607	0.6802103	0.53234977	-0.50395596	-0.32017374	-0.58164966	-0.14147328	-0.50984216	0.4790444	0.16126782	-0.6617027	-0.53447044	-0.39549506	-0.36784887	0.55997515	-0.5964324	-0.0753567	0.5285914	-0.64771307	0.49442458	0.6562034	-0.41457334	-0.22952303	0.6125952	0.4344728	0.3753223	0.37236696	0.6174658	0.38376996	-0.5645285
-0.67615587	0.35420075	0.5229452	0.5928676	-0.17303821	0.81105846	0.43383524	-0.23717889	-0.37169582	-0.383519	-0.547603	-0.32833543	0.6735607	-0.4879817	0.06861804	-0.4615235	-0.43316334	-0.36249715	0.31077096	-0.712745	-0.7051891	0.7641811	0.7059305	0.7204678	-0.372559	-0.31342933	0.5233836	0.48378223	-0.62671894	-0.30833688	0.37986237	-0.5066999	0.17692886	-0.31555346	-0.85297	-0.6187381	0.7970107	-0.11858532	0.15466276	0.6468863	0.7876412	-0.35182476	0.15466039	-0.36464944	-0.6386718	-0.43519607	0.31391013	-0.04081552	0.24358165	-0.033651177	0.55529624	0.43319157	0.5281704	0.26235276	0.2933925	0.7390414	-0.13082057	0.44933847	-0.6016995	0.53227603	0.030744396	0.6480293	-0.44491664	-0.60873735	0.42046803	0.52348995	0.66693974	0.7106615	-0.75957954	0.2921443	-0.6995054	0.65090597	0.47124776	-0.3741045	0.01666015	0.7761344	-0.54128337	-0.45892775	-0.41110116	0.36527205	-0.7430465	0.47470248	0.5720475	-0.5793628	0.12899177	-0.7725155	0.8517841	0.44396466	-0.38373575	0.27671874	0.4393712	-0.51675797	0.44677418	-0.7261009	0.2481872	-0.60055625	0.11182262	0.09106141	0.86355406	-0.4706877
0.07939951	-0.3681568	0.5160467	0.5347354	-0.43263003	0.6576459	-0.71132857	-0.58538854	-0.41348892	0.33032465	0.3916119	0.5616939	-0.5842125	-0.2632178	0.54559165	0.32677206	0.7762221	0.2249169	0.02720098	-0.1829137	-0.36845246	-0.49157894	-0.5119504	0.27186257	0.31316748	0.09682558	-0.054854184	-0.54338586	0.17229223	-0.6278967	0.17940319	-0.60088265	0.36008534	-0.06478946	0.08941152	0.0052827355	-0.4051541	0.36081457	-0.14509839	-0.69420034	-0.6232082	-0.08881195	-0.5018746	0.0979555	0.15214054	-0.6315448	-0.61268157	-0.58820313	0.25360703	-0.1516098	-0.48438016	-0.45008472	-0.6036521	0.79283744	-0.7324324	-0.73378754	0.39542454	-0.78583467	0.4989241	-0.7723277	0.39490974	0.37631673	-0.3761083	-0.20610431	0.37307265	0.4300258	-0.17737117	-0.18504503	-0.18736404	-0.8459503	0.44035062	-0.2890975	0.14073423	0.54240805	0.11991705	-0.7629733	0.02342767	-0.32395166	0.59668005	-0.6263121	0.16969073	-0.63527745	-0.24066816	0.6670377	-0.021764385	-0.37706357	-0.6925476	0.14205898	0.68716615	0.51737195	-0.46854073	0.6693849	-0.7179012	0.6084185	-0.4440244	0.58629537	-0.11492382	0.5576968	0.31192252	0.31312376
-0.51069397	-0.3375489	0.13916098	0.40348122	-0.23620427	-0.26245165	-0.3441684	0.48517483	-0.1907765	0.5450426	-0.6222079	0.58273405	-0.50587887	-0.15185611	0.41718945	-0.32064378	0.46987364	0.62143445	0.4151502	-0.5491284	0.34687367	-0.53052175	0.59751827	0.3512717	0.50949186	-0.35940862	-0.038790092	0.5167125	0.28391975	-0.6488775	-0.4083024	0.07892314	0.029536871	-0.59334594	-0.75201863	0.4856078	-0.33244333	0.42702013	-0.43793625	-0.31180227	0.51420426	-0.4296788	-0.17209564	0.42004916	-0.6091029	0.29368156	0.22281599	0.12163963	0.61452925	0.59906507	-0.27398863	0.35333195	-0.4849887	-0.44879958	-0.43433616	0.550124	-0.46670893	-0.46622714	-0.37345392	-0.2990238	0.42766935	0.46287513	-0.16935387	-0.3092331	0.34630582	0.16171603	0.6290916	0.41429672	-0.6267769	-0.26890793	-0.31299204	-0.003322156	0.019415531	-0.515903	-0.39076927	0.27502435	-0.35734704	-0.08913655	0.16671751	-0.39571437	0.2597763	-0.0004648976	0.40902558	0.32260463	0.37211218	-0.68575686	-0.09812605	0.64530337	-0.37513444	0.52953786	0.11761543	-0.33750322	0.5476866	-0.6433751	-0.48899192	-0.5205789	-0.18116069	-0.5444566	0.27915698	-0.4159258
0.5009947	0.3372227	-0.3423189	-0.31750754	-0.5043023	-0.30825686	0.46438637	-0.06854861	-0.23159379	0.34603268	0.56367177	-0.5164349	-0.22740863	-0.35420996	-0.30336595	-0.16850813	-0.10610712	0.4879508	0.38737452	0.5084425	-0.5813412	0.24810275	-0.59355223	-0.27777982	-0.43096516	0.60519576	0.649736	-0.41535735	-0.42642668	0.47027352	0.63495314	0.28857058	0.28821632	0.15573075	0.48733872	-0.36260763	0.11018099	0.48563468	0.62931514	0.58025104	-0.38078868	0.17418487	0.35082686	-0.52233243	0.04478155	-0.4512635	-0.63336295	0.12490109	-0.42710522	-0.5960356	0.4035794	-0.51387286	-0.69414955	0.30410847	0.48379785	-0.592469	0.32981583	0.5185933	0.46195063	-0.13870662	0.13302945	-0.41713616	-0.51832265	-0.60776466	-0.1120824	0.412043	-0.5828475	-0.34875524	0.57600135	-0.39939922	0.19300736	0.43384486	-0.054494422	-0.033790346	0.5886689	-0.5991737	-0.25224194	0.3494783	-0.10669279	0.32576418	-0.59863067	-0.09534105	0.5198719	-0.119555056	0.17628647	-0.059299596	-0.39241356	-0.3697258	0.68399787	-0.6690403	-0.07480457	0.48515558	-0.12095655	0.3741501	0.35687527	0.5240361	-0.55313236	0.45830917	0.24003433	-0.21644741
-0.12275252	0.3259839	-0.4361022	-0.64226043	0.33330363	-0.385585	0.5151027	0.23955972	0.7213071	-0.6553507	-0.010971836	-0.42204493	0.5851723	0.637008	-0.64730567	-0.32214782	-0.34306493	-0.65053463	-0.54770494	0.18982157	0.64564997	0.27595618	-0.1613685	-0.43467224	-0.55509335	0.6194553	-0.24219583	0.48256388	0.7563993	0.34563312	-0.6915604	0.4978173	-0.6381808	0.44221961	0.3970019	0.572065	-0.5150325	-0.6854891	-0.32150257	-0.4325523	0.6845678	0.5902685	-0.72826034	0.6723367	0.43892124	0.5478585	0.41508356	0.42609546	-0.5416508	0.44029137	0.5927078	0.4614642	0.647237	-0.7052904	0.46624127	0.7073915	-0.64091337	0.1331512	-0.3424368	0.42985266	-0.56182665	-0.63991416	0.36528105	0.65757596	-0.57157093	-0.40914738	-0.4177218	-0.67449987	0.6875294	0.57951665	-0.6910891	-0.6581446	-0.270109	0.35654077	-0.6204898	0.6124251	0.52840877	0.51117516	-0.72098184	0.62979674	0.5666996	0.58112586	-0.6506563	-0.36884308	-0.67573565	0.6531846	0.5917977	-0.22222142	-0.66627526	-0.25173584	0.5992702	-0.71594363	0.66421765	-0.7304849	0.6824169	-0.5957003	0.5751088	-0.5791627	-0.74259126	0.5841977
